Ethnicity_or_Subgroup,pourcentage dans la population du pays,population de l'ethnie estimée dans le pays,pourcentage dans la population totale d'Afrique
Bemba,21.0,4581164.0,0.299761
Tonga,13.0,2835959.0,0.185566
Chewa,7.0,1527055.0,0.09992
Lozi,6.0,1308904.0,0.085646
Nsenga,5.0,1090753.0,0.071372
Tumbuka,4.0,872603.0,0.057097
Lunda,3.0,654452.0,0.042823
Luvale,2.0,436301.0,0.028549
Kaonde,2.0,436301.0,0.028549
Ngoni,2.0,436301.0,0.028549
Autres,35.0,7635273.0,0.499601